Transaction ID,Date,Customer ID,Gender,Age,Product Category,Quantity,Price per Unit,Total Amount
1,1/1/2023,CUST180,Male,41,Clothing,3,300,900
2,1/1/2023,CUST522,Male,46,Beauty,3,500,1500
3,1/1/2023,CUST559,Female,40,Clothing,4,300,1200
4,2/1/2023,CUST163,Female,64,Clothing,3,50,150
5,2/1/2023,CUST303,Male,19,Electronics,3,30,90
6,2/1/2023,CUST421,Female,37,Clothing,3,500,1500
7,2/1/2023,CUST979,Female,19,Beauty,1,25,25
8,3/1/2023,CUST610,Female,26,Beauty,2,300,600
9,4/1/2023,CUST032,Male,30,Beauty,3,30,90
10,4/1/2023,CUST231,Female,23,Clothing,3,50,150
11,4/1/2023,CUST683,Male,38,Beauty,2,500,1000
12,5/1/2023,CUST367,Female,57,Electronics,1,50,50
13,5/1/2023,CUST391,Male,19,Beauty,2,25,50
14,5/1/2023,CUST432,Female,60,Electronics,2,500,1000
15,6/1/2023,CUST150,Female,58,Electronics,4,30,120
16,6/1/2023,CUST845,Male,54,Clothing,1,500,500
17,7/1/2023,CUST797,Male,40,Clothing,3,25,75
18,7/1/2023,CUST921,Male,51,Electronics,3,25,75
19,8/1/2023,CUST291,Male,60,Clothing,2,300,600
20,8/1/2023,CUST907,Female,45,Electronics,1,25,25
21,9/1/2023,CUST860,Male,63,Clothing,4,50,200
22,10/1/2023,CUST184,Male,31,Electronics,4,50,200
23,10/1/2023,CUST734,Female,27,Clothing,1,30,30
24,11/1/2023,CUST225,Female,57,Beauty,4,25,100
25,11/1/2023,CUST679,Female,18,Beauty,3,30,90
26,11/1/2023,CUST746,Female,33,Clothing,3,30,90
27,13/01/2023,CUST003,Male,50,Electronics,1,30,30
28,13/01/2023,CUST464,Male,38,Electronics,2,300,600
29,13/01/2023,CUST484,Female,19,Clothing,4,300,1200
30,13/01/2023,CUST591,Male,53,Electronics,4,25,100
31,14/01/2023,CUST021,Female,50,Beauty,1,500,500
32,14/01/2023,CUST708,Female,43,Beauty,3,300,900
33,14/01/2023,CUST713,Male,34,Beauty,3,25,75
34,14/01/2023,CUST768,Female,24,Beauty,3,25,75
35,15/01/2023,CUST499,Male,46,Beauty,2,30,60
36,15/01/2023,CUST697,Male,53,Clothing,1,500,500
37,15/01/2023,CUST831,Male,27,Electronics,4,25,100
38,16/01/2023,CUST015,Female,42,Electronics,4,500,2000
39,16/01/2023,CUST743,Female,34,Beauty,4,500,2000
40,17/01/2023,CUST014,Male,64,Clothing,4,30,120
41,17/01/2023,CUST103,Female,59,Clothing,1,25,25
42,17/01/2023,CUST238,Female,39,Beauty,1,500,500
43,17/01/2023,CUST986,Female,49,Clothing,2,500,1000
44,19/01/2023,CUST438,Female,42,Clothing,1,30,30
45,20/01/2023,CUST475,Male,26,Clothing,3,25,75
46,20/01/2023,CUST505,Male,24,Beauty,1,50,50
47,21/01/2023,CUST344,Female,42,Beauty,1,30,30
48,21/01/2023,CUST448,Female,54,Beauty,2,30,60
49,21/01/2023,CUST742,Female,38,Electronics,4,500,2000
50,22/01/2023,CUST445,Female,53,Electronics,1,300,300
51,22/01/2023,CUST787,Male,41,Electronics,1,25,25
52,23/01/2023,CUST049,Female,54,Electronics,2,500,1000
53,23/01/2023,CUST420,Female,22,Clothing,4,500,2000
54,23/01/2023,CUST519,Female,36,Electronics,4,30,120
55,24/01/2023,CUST064,Male,49,Clothing,4,25,100
56,24/01/2023,CUST592,Female,46,Beauty,4,500,2000
57,24/01/2023,CUST912,Male,51,Beauty,3,50,150
58,25/01/2023,CUST134,Male,49,Electronics,1,50,50
59,26/01/2023,CUST288,Male,28,Clothing,4,30,120
60,26/01/2023,CUST323,Female,29,Beauty,3,300,900
61,26/01/2023,CUST618,Female,27,Beauty,1,50,50
62,26/01/2023,CUST720,Female,56,Beauty,5,500,2500
63,27/01/2023,CUST415,Male,53,Clothing,2,30,60
64,27/01/2023,CUST736,Male,29,Clothing,4,25,100
65,27/01/2023,CUST929,Female,23,Beauty,3,25,75
66,28/01/2023,CUST264,Male,47,Clothing,3,300,900
67,28/01/2023,CUST913,Male,29,Electronics,3,30,90
68,28/01/2023,CUST940,Female,20,Electronics,1,30,30
69,29/01/2023,CUST101,Male,32,Clothing,2,300,600
70,30/01/2023,CUST189,Male,63,Beauty,1,50,50
71,30/01/2023,CUST317,Male,22,Electronics,3,30,90
72,30/01/2023,CUST322,Male,51,Electronics,1,500,500
73,30/01/2023,CUST329,Female,46,Electronics,4,25,100
74,31/01/2023,CUST235,Female,23,Electronics,2,500,1000
75,31/01/2023,CUST300,Female,19,Electronics,4,50,200
76,31/01/2023,CUST964,Male,24,Clothing,3,300,900
77,1/2/2023,CUST269,Male,25,Clothing,4,500,2000
78,1/2/2023,CUST320,Female,28,Electronics,4,300,1200
79,1/2/2023,CUST673,Female,43,Clothing,3,500,1500
80,2/2/2023,CUST142,Male,35,Electronics,4,300,1200
81,2/2/2023,CUST223,Female,64,Clothing,1,25,25
82,2/2/2023,CUST666,Male,51,Electronics,3,50,150
83,3/2/2023,CUST107,Female,21,Clothing,4,300,1200
84,3/2/2023,CUST933,Male,22,Beauty,1,30,30
85,4/2/2023,CUST237,Female,50,Beauty,2,500,1000
86,4/2/2023,CUST335,Female,47,Beauty,4,30,120
87,5/2/2023,CUST063,Male,57,Electronics,2,25,50
88,5/2/2023,CUST195,Male,52,Clothing,1,30,30
89,5/2/2023,CUST333,Female,54,Electronics,4,300,1200
90,5/2/2023,CUST379,Female,47,Clothing,1,25,25
91,5/2/2023,CUST490,Male,34,Clothing,3,50,150
92,5/2/2023,CUST530,Female,18,Electronics,4,30,120
93,5/2/2023,CUST740,Female,25,Beauty,4,50,200
94,5/2/2023,CUST793,Male,54,Beauty,1,30,30
95,6/2/2023,CUST085,Male,31,Clothing,3,50,150
96,6/2/2023,CUST232,Female,43,Beauty,1,25,25
97,6/2/2023,CUST240,Female,23,Beauty,1,300,300
98,6/2/2023,CUST993,Female,48,Electronics,3,50,150
99,7/2/2023,CUST366,Male,57,Clothing,2,50,100
100,7/2/2023,CUST372,Female,24,Beauty,3,500,1500
101,7/2/2023,CUST596,Female,64,Electronics,1,300,300
102,7/2/2023,CUST936,Male,57,Beauty,4,50,200
103,8/2/2023,CUST284,Male,43,Clothing,4,50,200
104,8/2/2023,CUST434,Female,43,Electronics,2,25,50
105,8/2/2023,CUST775,Female,46,Electronics,4,25,100
106,8/2/2023,CUST977,Female,35,Electronics,3,25,75
107,9/2/2023,CUST649,Female,58,Clothing,2,300,600
108,10/2/2023,CUST054,Female,38,Electronics,3,500,1500
109,10/2/2023,CUST068,Male,25,Electronics,1,300,300
110,10/2/2023,CUST192,Male,62,Beauty,2,50,100
111,11/2/2023,CUST331,Male,28,Electronics,3,30,90
112,11/2/2023,CUST346,Male,59,Clothing,2,500,1000
113,11/2/2023,CUST657,Male,40,Clothing,1,25,25
114,11/2/2023,CUST732,Male,61,Electronics,2,500,1000
115,11/2/2023,CUST972,Male,49,Beauty,4,25,100
116,12/2/2023,CUST714,Female,18,Clothing,1,500,500
117,13/02/2023,CUST193,Male,35,Beauty,3,500,1500
118,13/02/2023,CUST577,Male,21,Beauty,4,500,2000
119,13/02/2023,CUST848,Female,63,Clothing,3,25,75
120,13/02/2023,CUST945,Male,30,Beauty,1,25,25
121,14/02/2023,CUST011,Male,23,Clothing,2,50,100
122,14/02/2023,CUST821,Male,49,Electronics,1,300,300
123,16/02/2023,CUST133,Male,20,Electronics,3,300,900
124,17/02/2023,CUST016,Male,19,Clothing,3,500,1500
125,17/02/2023,CUST042,Male,22,Clothing,3,300,900
126,17/02/2023,CUST292,Male,20,Beauty,4,300,1200
127,17/02/2023,CUST416,Male,53,Electronics,4,500,2000
128,17/02/2023,CUST584,Female,27,Beauty,4,50,200
129,17/02/2023,CUST861,Female,41,Clothing,3,30,90
130,18/02/2023,CUST256,Male,23,Clothing,2,500,1000
131,19/02/2023,CUST044,Female,22,Clothing,1,25,25
132,19/02/2023,CUST257,Male,19,Beauty,4,500,2000
133,20/02/2023,CUST268,Female,28,Electronics,1,30,30
134,20/02/2023,CUST287,Male,54,Clothing,4,25,100
135,20/02/2023,CUST966,Male,60,Electronics,2,500,1000
136,21/02/2023,CUST070,Female,43,Clothing,1,300,300
137,21/02/2023,CUST371,Female,20,Beauty,1,25,25
138,21/02/2023,CUST900,Male,21,Clothing,2,30,60
139,22/02/2023,CUST008,Male,30,Electronics,4,25,100
140,22/02/2023,CUST041,Male,34,Clothing,2,25,50
141,22/02/2023,CUST454,Female,46,Beauty,1,25,25
142,22/02/2023,CUST780,Male,52,Electronics,2,25,50
143,22/02/2023,CUST920,Female,28,Beauty,3,25,75
144,23/02/2023,CUST396,Female,55,Beauty,1,30,30
145,24/02/2023,CUST168,Male,53,Clothing,1,300,300
146,24/02/2023,CUST400,Male,53,Clothing,4,50,200
147,24/02/2023,CUST611,Male,51,Beauty,3,500,1500
148,24/02/2023,CUST800,Male,32,Clothing,4,300,1200
149,25/02/2023,CUST272,Female,61,Electronics,2,50,100
150,25/02/2023,CUST473,Male,64,Beauty,1,50,50
151,25/02/2023,CUST506,Male,34,Beauty,3,500,1500
152,25/02/2023,CUST766,Male,38,Electronics,3,300,900
153,26/02/2023,CUST135,Male,20,Clothing,2,25,50
154,27/02/2023,CUST002,Female,26,Clothing,2,500,1000
155,27/02/2023,CUST158,Female,44,Electronics,2,300,600
156,27/02/2023,CUST185,Male,24,Clothing,1,25,25
157,27/02/2023,CUST433,Male,29,Beauty,4,50,200
158,28/02/2023,CUST152,Male,43,Electronics,4,500,2000
159,28/02/2023,CUST753,Female,32,Clothing,1,30,30
160,28/02/2023,CUST763,Male,34,Clothing,2,25,50
161,28/02/2023,CUST932,Female,45,Beauty,4,25,100
162,1/3/2023,CUST399,Female,42,Beauty,6,30,180
163,1/3/2023,CUST500,Female,42,Beauty,4,25,100
164,1/3/2023,CUST514,Female,18,Electronics,1,300,300
165,2/3/2023,CUST947,Male,50,Beauty,1,300,300
166,3/3/2023,CUST220,Male,64,Beauty,1,500,500
167,3/3/2023,CUST339,Female,22,Electronics,2,25,50
168,3/3/2023,CUST785,Female,31,Beauty,4,50,200
169,3/3/2023,CUST885,Female,52,Clothing,4,30,120
170,3/3/2023,CUST888,Female,52,Electronics,4,25,100
171,4/3/2023,CUST621,Female,40,Beauty,2,500,1000
172,5/3/2023,CUST052,Female,36,Beauty,1,300,300
173,5/3/2023,CUST536,Female,55,Beauty,4,30,120
174,6/3/2023,CUST197,Female,42,Clothing,4,50,200
175,6/3/2023,CUST750,Female,35,Clothing,3,25,75
176,6/3/2023,CUST910,Female,20,Beauty,3,50,150
177,6/3/2023,CUST917,Female,57,Electronics,4,50,200
178,7/3/2023,CUST198,Female,54,Beauty,3,300,900
179,7/3/2023,CUST444,Female,61,Clothing,3,30,90
180,7/3/2023,CUST547,Male,63,Clothing,4,500,2000
181,7/3/2023,CUST705,Male,60,Electronics,2,25,50
182,8/3/2023,CUST423,Female,27,Clothing,1,25,25
183,9/3/2023,CUST248,Male,26,Clothing,3,300,900
184,9/3/2023,CUST360,Male,42,Clothing,4,25,100
185,9/3/2023,CUST377,Female,46,Clothing,4,50,200
186,10/3/2023,CUST397,Female,30,Beauty,1,25,25
187,10/3/2023,CUST623,Male,34,Clothing,3,50,150
188,11/3/2023,CUST717,Male,57,Clothing,1,500,500
189,12/3/2023,CUST130,Female,57,Clothing,1,500,500
190,12/3/2023,CUST658,Male,59,Clothing,1,25,25
191,13/03/2023,CUST007,Male,46,Clothing,2,25,50
192,13/03/2023,CUST119,Female,60,Clothing,3,50,150
193,13/03/2023,CUST278,Female,37,Clothing,4,25,100
194,15/03/2023,CUST117,Male,19,Electronics,2,500,1000
195,17/03/2023,CUST442,Female,60,Clothing,4,25,100
196,17/03/2023,CUST590,Male,36,Clothing,3,300,900
197,17/03/2023,CUST607,Male,54,Clothing,3,25,75
198,18/03/2023,CUST436,Female,57,Clothing,4,30,120
199,18/03/2023,CUST942,Male,51,Clothing,3,500,1500
200,19/03/2023,CUST659,Female,39,Electronics,1,30,30
201,19/03/2023,CUST941,Female,57,Clothing,2,25,50
202,20/03/2023,CUST136,Male,44,Electronics,2,300,600
203,20/03/2023,CUST175,Female,31,Electronics,4,25,100
204,20/03/2023,CUST663,Male,23,Clothing,4,300,1200
205,20/03/2023,CUST748,Male,25,Clothing,3,50,150
206,20/03/2023,CUST806,Female,35,Beauty,3,300,900
207,21/03/2023,CUST038,Male,38,Beauty,4,50,200
208,21/03/2023,CUST313,Female,55,Beauty,3,500,1500
209,21/03/2023,CUST402,Female,41,Clothing,2,300,600
210,21/03/2023,CUST459,Male,28,Clothing,4,300,1200
211,22/03/2023,CUST161,Male,64,Beauty,2,500,1000
212,22/03/2023,CUST328,Male,39,Beauty,2,50,100
213,22/03/2023,CUST383,Female,46,Beauty,3,30,90
214,22/03/2023,CUST973,Male,60,Clothing,1,50,50
215,22/03/2023,CUST978,Female,53,Clothing,3,50,150
216,23/03/2023,CUST033,Female,50,Electronics,2,50,100
217,23/03/2023,CUST138,Male,49,Clothing,4,50,200
218,23/03/2023,CUST471,Male,32,Clothing,3,50,150
219,23/03/2023,CUST636,Female,21,Beauty,3,500,1500
220,24/03/2023,CUST177,Male,45,Beauty,2,50,100
221,24/03/2023,CUST426,Male,23,Electronics,3,50,150
222,25/03/2023,CUST076,Female,22,Electronics,2,50,100
223,25/03/2023,CUST091,Female,55,Electronics,1,500,500
224,25/03/2023,CUST461,Female,18,Beauty,2,500,1000
225,25/03/2023,CUST764,Female,40,Clothing,1,25,25
226,26/03/2023,CUST202,Female,34,Clothing,4,300,1200
227,26/03/2023,CUST301,Male,30,Clothing,4,30,120
228,26/03/2023,CUST703,Male,34,Electronics,2,50,100
229,27/03/2023,CUST294,Female,23,Clothing,3,30,90
230,27/03/2023,CUST760,Male,27,Beauty,1,500,500
231,28/03/2023,CUST575,Male,60,Clothing,2,50,100
232,29/03/2023,CUST088,Male,56,Clothing,1,500,500
233,30/03/2023,CUST975,Female,56,Clothing,4,50,200
234,31/03/2023,CUST553,Male,24,Clothing,4,300,1200
235,1/4/2023,CUST462,Male,63,Electronics,4,300,1200
236,1/4/2023,CUST614,Female,39,Beauty,4,300,1200
237,1/4/2023,CUST808,Male,33,Beauty,4,500,2000
238,2/4/2023,CUST166,Male,34,Clothing,4,500,2000
239,2/4/2023,CUST465,Female,43,Electronics,3,50,150
240,2/4/2023,CUST502,Male,43,Electronics,3,50,150
241,2/4/2023,CUST905,Male,58,Beauty,1,300,300
242,4/4/2023,CUST280,Female,37,Clothing,3,500,1500
243,4/4/2023,CUST719,Female,42,Clothing,2,30,60
244,4/4/2023,CUST834,Female,56,Beauty,6,30,180
245,5/4/2023,CUST891,Male,41,Electronics,3,300,900
246,5/4/2023,CUST928,Female,35,Clothing,4,300,1200
247,6/4/2023,CUST332,Male,58,Electronics,4,300,1200
248,8/4/2023,CUST255,Male,48,Clothing,1,30,30
249,8/4/2023,CUST275,Male,43,Clothing,2,500,1000
250,8/4/2023,CUST314,Male,52,Clothing,4,30,120
251,8/4/2023,CUST517,Female,47,Clothing,4,25,100
252,8/4/2023,CUST847,Female,18,Electronics,4,300,1200
253,9/4/2023,CUST061,Male,21,Beauty,4,50,200
254,9/4/2023,CUST274,Female,23,Clothing,2,500,1000
255,9/4/2023,CUST486,Female,35,Electronics,1,25,25
256,9/4/2023,CUST548,Female,51,Clothing,2,30,60
257,9/4/2023,CUST886,Male,37,Electronics,3,300,900
258,9/4/2023,CUST892,Male,20,Electronics,1,50,50
259,10/4/2023,CUST601,Male,19,Clothing,1,30,30
260,10/4/2023,CUST901,Male,31,Electronics,1,30,30
261,11/4/2023,CUST527,Male,57,Clothing,2,25,50
262,12/4/2023,CUST023,Female,35,Clothing,4,30,120
263,12/4/2023,CUST174,Female,39,Beauty,1,300,300
264,12/4/2023,CUST589,Female,36,Beauty,2,500,1000
265,12/4/2023,CUST774,Female,40,Clothing,2,25,50
266,12/4/2023,CUST1000,Male,47,Electronics,4,30,120
267,13/04/2023,CUST210,Male,37,Electronics,4,50,200
268,13/04/2023,CUST478,Female,58,Clothing,2,30,60
269,13/04/2023,CUST745,Male,54,Beauty,2,50,100
270,15/04/2023,CUST354,Female,49,Beauty,4,50,200
271,15/04/2023,CUST408,Female,64,Beauty,6,500,3000
272,16/04/2023,CUST674,Female,38,Clothing,1,300,300
273,17/04/2023,CUST967,Male,62,Beauty,1,25,25
274,18/04/2023,CUST079,Male,34,Beauty,1,300,300
275,18/04/2023,CUST406,Female,22,Beauty,4,25,100
276,18/04/2023,CUST450,Female,59,Beauty,5,25,125
277,18/04/2023,CUST562,Male,54,Electronics,2,25,50
278,19/04/2023,CUST108,Female,27,Beauty,3,25,75
279,19/04/2023,CUST111,Female,34,Electronics,3,500,1500
280,19/04/2023,CUST207,Female,42,Beauty,2,25,50
281,19/04/2023,CUST724,Male,61,Clothing,3,50,150
282,19/04/2023,CUST836,Female,22,Clothing,1,50,50
283,19/04/2023,CUST969,Female,40,Clothing,3,300,900
284,20/04/2023,CUST246,Female,48,Electronics,2,25,50
285,20/04/2023,CUST298,Male,27,Beauty,4,300,1200
286,20/04/2023,CUST374,Female,42,Beauty,5,25,125
287,20/04/2023,CUST572,Male,31,Clothing,4,500,2000
288,20/04/2023,CUST665,Male,57,Clothing,1,50,50
289,21/04/2023,CUST039,Male,23,Clothing,4,30,120
290,21/04/2023,CUST893,Male,49,Electronics,1,50,50
291,22/04/2023,CUST017,Female,27,Clothing,4,25,100
292,22/04/2023,CUST316,Female,48,Clothing,2,25,50
293,22/04/2023,CUST755,Female,58,Clothing,3,25,75
294,23/04/2023,CUST028,Female,43,Beauty,1,500,500
295,23/04/2023,CUST098,Female,55,Beauty,2,50,100
296,23/04/2023,CUST129,Female,21,Beauty,2,300,600
297,23/04/2023,CUST230,Male,54,Beauty,1,25,25
298,23/04/2023,CUST613,Female,52,Clothing,3,30,90
299,23/04/2023,CUST691,Female,51,Clothing,3,30,90
300,23/04/2023,CUST693,Male,41,Beauty,3,500,1500
301,24/04/2023,CUST477,Male,43,Clothing,4,30,120
302,24/04/2023,CUST863,Female,30,Electronics,2,25,50
303,25/04/2023,CUST006,Female,45,Beauty,1,30,30
304,25/04/2023,CUST483,Male,55,Clothing,1,30,30
305,25/04/2023,CUST738,Male,41,Clothing,2,50,100
306,26/04/2023,CUST222,Male,51,Clothing,4,30,120
307,26/04/2023,CUST588,Male,38,Electronics,2,30,60
308,26/04/2023,CUST953,Male,45,Beauty,3,30,90
309,27/04/2023,CUST066,Female,45,Electronics,1,30,30
310,27/04/2023,CUST482,Female,28,Clothing,4,300,1200
311,27/04/2023,CUST903,Female,51,Beauty,4,50,200
312,28/04/2023,CUST102,Female,47,Beauty,2,25,50
313,28/04/2023,CUST228,Female,59,Electronics,2,30,60
314,28/04/2023,CUST236,Female,54,Clothing,1,25,25
315,29/04/2023,CUST660,Female,38,Beauty,2,500,1000
316,29/04/2023,CUST884,Female,26,Clothing,2,30,60
317,29/04/2023,CUST987,Female,30,Clothing,3,300,900
318,30/04/2023,CUST018,Female,47,Electronics,2,25,50
319,30/04/2023,CUST069,Female,42,Beauty,4,25,100
320,30/04/2023,CUST995,Female,41,Clothing,1,30,30
321,1/5/2023,CUST337,Male,38,Clothing,1,500,500
322,1/5/2023,CUST585,Female,24,Clothing,1,25,25
323,1/5/2023,CUST652,Female,34,Beauty,2,50,100
324,2/5/2023,CUST242,Male,21,Clothing,1,25,25
325,2/5/2023,CUST293,Male,50,Electronics,3,30,90
326,2/5/2023,CUST460,Male,40,Beauty,1,50,50
327,3/5/2023,CUST188,Male,40,Clothing,3,25,75
328,3/5/2023,CUST357,Female,40,Electronics,3,25,75
329,3/5/2023,CUST646,Male,38,Clothing,3,30,90
330,3/5/2023,CUST749,Male,42,Beauty,1,30,30
331,3/5/2023,CUST974,Male,47,Beauty,1,30,30
332,4/5/2023,CUST190,Female,,Beauty,4,30,120
333,4/5/2023,CUST849,Male,32,Clothing,2,25,50
334,4/5/2023,CUST853,Male,21,Beauty,2,500,1000
335,5/5/2023,CUST252,Male,54,Electronics,1,300,300
336,5/5/2023,CUST606,Male,22,Electronics,1,50,50
337,5/5/2023,CUST779,Female,56,Electronics,2,500,1000
338,5/5/2023,CUST824,Male,63,Clothing,4,30,120
339,5/5/2023,CUST866,Male,24,Electronics,1,50,50
340,6/5/2023,CUST005,Male,30,Beauty,2,50,100
341,6/5/2023,CUST090,Female,51,Electronics,1,30,30
342,6/5/2023,CUST380,Male,56,Electronics,2,300,600
343,6/5/2023,CUST593,Male,35,Electronics,2,30,60
344,6/5/2023,CUST820,Male,49,Electronics,4,50,200
345,7/5/2023,CUST120,Male,60,Beauty,1,50,50
346,7/5/2023,CUST221,Male,39,Beauty,2,300,600
347,7/5/2023,CUST341,Male,31,Clothing,4,50,200
348,7/5/2023,CUST640,Female,51,Electronics,4,30,120
349,7/5/2023,CUST744,Male,40,Electronics,1,25,25
350,8/5/2023,CUST273,Female,22,Beauty,1,50,50
351,8/5/2023,CUST283,Female,18,Electronics,1,500,500
352,8/5/2023,CUST452,Female,48,Clothing,3,500,1500
353,8/5/2023,CUST469,Male,18,Beauty,3,25,75
354,8/5/2023,CUST620,Male,63,Electronics,3,25,75
355,8/5/2023,CUST946,Male,62,Electronics,4,500,2000
356,9/5/2023,CUST148,Male,18,Clothing,2,30,60
357,9/5/2023,CUST414,Male,48,Beauty,4,25,100
358,9/5/2023,CUST883,Male,40,Electronics,1,500,500
359,10/5/2023,CUST731,Male,54,Clothing,4,500,2000
360,10/5/2023,CUST930,Male,54,Clothing,4,50,200
361,11/5/2023,CUST518,Female,40,Clothing,1,30,30
362,12/5/2023,CUST758,Male,64,Clothing,4,25,100
363,13/05/2023,CUST639,Female,62,Beauty,4,50,200
364,13/05/2023,CUST838,Male,47,Electronics,2,300,600
365,14/05/2023,CUST353,Male,31,Electronics,1,500,500
366,14/05/2023,CUST501,Male,39,Electronics,2,30,60
367,14/05/2023,CUST721,Female,52,Clothing,1,500,500
368,15/05/2023,CUST123,Female,40,Electronics,2,30,60
369,15/05/2023,CUST164,Female,47,Beauty,3,500,1500
370,15/05/2023,CUST425,Female,55,Electronics,4,30,120
371,16/05/2023,CUST048,Male,54,Electronics,3,300,900
372,16/05/2023,CUST118,Female,30,Electronics,4,500,2000
373,16/05/2023,CUST203,Male,56,Clothing,2,500,1000
374,16/05/2023,CUST305,Female,18,Beauty,1,30,30
375,16/05/2023,CUST358,Female,32,Beauty,1,300,300
376,16/05/2023,CUST376,Female,64,Beauty,6,30,180
377,16/05/2023,CUST398,Female,48,Clothing,2,300,600
378,16/05/2023,CUST411,Male,62,Electronics,4,50,200
379,16/05/2023,CUST504,Female,38,Beauty,3,50,150
380,16/05/2023,CUST970,Male,59,Electronics,4,500,2000
381,16/05/2023,CUST996,Male,62,Clothing,1,50,50
382,17/05/2023,CUST081,Male,40,Electronics,1,50,50
383,17/05/2023,CUST155,Male,31,Electronics,4,500,2000
384,17/05/2023,CUST470,Female,57,Clothing,2,500,1000
385,18/05/2023,CUST106,Female,46,Clothing,1,50,50
386,18/05/2023,CUST818,Male,30,Electronics,1,500,500
387,19/05/2023,CUST094,Female,47,Beauty,2,500,1000
388,19/05/2023,CUST811,Male,61,Beauty,2,25,50
389,19/05/2023,CUST881,Male,22,Electronics,1,300,300
390,20/05/2023,CUST403,Male,32,Clothing,2,300,600
391,20/05/2023,CUST653,Male,54,Clothing,3,25,75
392,20/05/2023,CUST694,Female,39,Electronics,2,25,50
393,21/05/2023,CUST004,Male,37,Clothing,1,500,500
394,21/05/2023,CUST647,Male,59,Clothing,3,500,1500
395,21/05/2023,CUST911,Male,42,Electronics,3,300,900
396,22/05/2023,CUST419,Female,44,Clothing,3,30,90
397,22/05/2023,CUST642,Female,54,Clothing,4,25,100
398,22/05/2023,CUST843,Male,21,Beauty,3,500,1500
399,22/05/2023,CUST895,Female,55,Clothing,4,30,120
400,23/05/2023,CUST031,Male,44,Electronics,4,300,1200
401,23/05/2023,CUST037,Female,18,Beauty,3,25,75
402,23/05/2023,CUST072,Female,20,Electronics,4,500,2000
403,23/05/2023,CUST243,Female,47,Electronics,3,300,900
404,23/05/2023,CUST281,Female,29,Beauty,4,500,2000
405,23/05/2023,CUST489,Male,44,Electronics,1,30,30
406,23/05/2023,CUST491,Female,60,Electronics,3,300,900
407,23/05/2023,CUST729,Male,29,Clothing,4,300,1200
408,23/05/2023,CUST822,Female,52,Beauty,3,50,150
409,24/05/2023,CUST840,Male,62,Clothing,2,25,50
410,25/05/2023,CUST404,Male,46,Electronics,2,500,1000
411,25/05/2023,CUST899,Male,26,Clothing,2,300,600
412,25/05/2023,CUST990,Female,58,Beauty,6,500,3000
413,26/05/2023,CUST382,Female,53,Clothing,2,500,1000
414,26/05/2023,CUST578,Female,54,Clothing,4,30,120
415,26/05/2023,CUST923,Male,32,Beauty,3,300,900
416,27/05/2023,CUST307,Female,26,Electronics,2,25,50
417,27/05/2023,CUST561,Female,64,Clothing,4,500,2000
418,27/05/2023,CUST651,Male,51,Clothing,3,50,150
419,28/05/2023,CUST988,Female,63,Clothing,3,25,75
420,29/05/2023,CUST067,Female,48,Beauty,4,300,1200
421,30/05/2023,CUST915,Female,26,Beauty,3,30,90
422,30/05/2023,CUST985,Female,19,Electronics,2,25,50
423,31/05/2023,CUST056,Female,26,Clothing,3,300,900
424,31/05/2023,CUST159,Male,26,Clothing,4,50,200
425,31/05/2023,CUST862,Male,28,Electronics,4,300,1200
426,1/6/2023,CUST315,Male,47,Clothing,2,30,60
427,1/6/2023,CUST545,Male,27,Clothing,2,25,50
428,1/6/2023,CUST902,Female,54,Beauty,1,50,50
429,2/6/2023,CUST170,Female,25,Clothing,2,25,50
430,2/6/2023,CUST685,Male,57,Electronics,2,25,50
431,2/6/2023,CUST958,Male,62,Electronics,2,25,50
432,3/6/2023,CUST363,Male,64,Beauty,1,25,25
433,3/6/2023,CUST394,Female,27,Clothing,1,500,500
434,3/6/2023,CUST537,Female,21,Beauty,1,500,500
435,4/6/2023,CUST387,Male,44,Beauty,1,30,30
436,4/6/2023,CUST556,Female,18,Electronics,1,50,50
437,4/6/2023,CUST782,Male,59,Clothing,3,300,900
438,4/6/2023,CUST906,Female,20,Clothing,1,50,50
439,5/6/2023,CUST560,Female,25,Electronics,1,50,50
440,5/6/2023,CUST944,Male,44,Clothing,2,25,50
441,6/6/2023,CUST481,Female,43,Electronics,4,300,1200
442,6/6/2023,CUST867,Male,21,Electronics,1,500,500
443,6/6/2023,CUST882,Female,64,Electronics,2,25,50
444,6/6/2023,CUST961,Male,53,Beauty,4,50,200
445,7/6/2023,CUST187,Female,64,Clothing,2,50,100
446,7/6/2023,CUST446,Male,21,Electronics,1,50,50
447,8/6/2023,CUST539,Male,25,Beauty,1,500,500
448,8/6/2023,CUST587,Female,40,Beauty,4,300,1200
449,9/6/2023,CUST212,Male,21,Clothing,3,500,1500
450,9/6/2023,CUST765,Male,43,Clothing,4,50,200
451,9/6/2023,CUST769,Female,31,Electronics,4,30,120
452,10/6/2023,CUST321,Female,26,Electronics,2,25,50
453,10/6/2023,CUST356,Male,50,Electronics,3,500,1500
454,10/6/2023,CUST510,Female,39,Beauty,4,50,200
455,10/6/2023,CUST534,Male,45,Clothing,2,500,1000
456,11/6/2023,CUST104,Female,34,Beauty,2,500,1000
457,11/6/2023,CUST110,Male,27,Clothing,3,300,900
458,11/6/2023,CUST352,Male,57,Electronics,2,500,1000
459,11/6/2023,CUST365,Male,31,Clothing,1,300,300
460,11/6/2023,CUST887,Male,59,Clothing,4,25,100
461,12/6/2023,CUST629,Male,62,Electronics,2,25,50
462,13/06/2023,CUST655,Female,55,Clothing,1,500,500
463,14/06/2023,CUST567,Female,25,Clothing,3,300,900
464,15/06/2023,CUST182,Male,62,Beauty,4,30,120
465,15/06/2023,CUST819,Female,35,Beauty,2,50,100
466,16/06/2023,CUST100,Male,41,Electronics,1,30,30
467,16/06/2023,CUST833,Male,42,Beauty,4,50,200
468,17/06/2023,CUST542,Female,20,Beauty,1,50,50
469,17/06/2023,CUST723,Female,54,Beauty,4,50,200
470,17/06/2023,CUST726,Male,47,Clothing,4,300,1200
471,18/06/2023,CUST488,Female,51,Electronics,3,300,900
472,19/06/2023,CUST239,Male,38,Electronics,3,500,1500
473,19/06/2023,CUST498,Female,50,Clothing,4,25,100
474,19/06/2023,CUST532,Female,64,Clothing,4,30,120
475,19/06/2023,CUST669,Male,24,Beauty,4,300,1200
476,19/06/2023,CUST877,Female,58,Clothing,1,25,25
477,20/06/2023,CUST422,Female,28,Clothing,3,30,90
478,20/06/2023,CUST466,Male,63,Electronics,4,25,100
479,21/06/2023,CUST583,Female,24,Electronics,4,25,100
480,21/06/2023,CUST654,Male,42,Clothing,3,25,75
481,22/06/2023,CUST040,Male,45,Beauty,1,50,50
482,22/06/2023,CUST699,Female,37,Clothing,4,30,120
483,22/06/2023,CUST727,Male,55,Beauty,3,300,900
484,22/06/2023,CUST830,Female,64,Clothing,3,50,150
485,23/06/2023,CUST224,Female,25,Clothing,1,50,50
486,23/06/2023,CUST271,Female,42,Beauty,4,30,120
487,24/06/2023,CUST036,Male,52,Beauty,3,300,900
488,24/06/2023,CUST157,Male,62,Electronics,4,500,2000
489,24/06/2023,CUST796,Male,43,Beauty,4,30,120
490,24/06/2023,CUST839,Female,20,Electronics,4,300,1200
491,24/06/2023,CUST927,Male,43,Electronics,4,500,2000
492,25/06/2023,CUST407,Female,46,Electronics,3,300,900
493,26/06/2023,CUST046,Female,20,Electronics,4,300,1200
494,26/06/2023,CUST509,Female,37,Electronics,3,300,900
495,26/06/2023,CUST874,Male,60,Beauty,1,30,30
496,27/06/2023,CUST788,Female,52,Beauty,3,300,900
497,28/06/2023,CUST378,Male,50,Beauty,1,300,300
498,29/06/2023,CUST480,Female,42,Beauty,4,500,2000
499,29/06/2023,CUST492,Male,61,Beauty,4,25,100
500,29/06/2023,CUST737,Female,33,Clothing,1,50,50
501,30/06/2023,CUST684,Female,28,Clothing,2,500,1000
502,30/06/2023,CUST878,Female,20,Clothing,1,30,30
503,1/7/2023,CUST078,Female,47,Clothing,3,500,1500
504,1/7/2023,CUST260,Male,28,Beauty,2,30,60
505,1/7/2023,CUST455,Male,31,Electronics,4,25,100
506,1/7/2023,CUST837,Male,18,Beauty,3,30,90
507,3/7/2023,CUST045,Female,55,Electronics,1,30,30
508,3/7/2023,CUST449,Male,25,Electronics,4,50,200
509,4/7/2023,CUST904,Male,28,Clothing,1,500,500
510,5/7/2023,CUST059,Male,62,Clothing,1,50,50
511,5/7/2023,CUST128,Male,25,Beauty,1,500,500
512,5/7/2023,CUST186,Male,20,Clothing,4,50,200
513,5/7/2023,CUST802,Female,46,Beauty,1,30,30
514,6/7/2023,CUST075,Male,61,Beauty,4,50,200
515,6/7/2023,CUST447,Male,22,Beauty,4,500,2000
516,6/7/2023,CUST528,Female,36,Clothing,2,30,60
517,8/7/2023,CUST759,Male,49,Electronics,2,50,100
518,8/7/2023,CUST870,Female,46,Electronics,4,30,120
519,9/7/2023,CUST077,Female,47,Clothing,2,50,100
520,9/7/2023,CUST381,Female,44,Clothing,4,25,100
521,9/7/2023,CUST439,Male,50,Clothing,3,25,75
522,9/7/2023,CUST792,Female,20,Beauty,1,50,50
523,11/7/2023,CUST176,Female,43,Beauty,2,50,100
524,11/7/2023,CUST216,Male,62,Electronics,2,50,100
525,12/7/2023,CUST772,Male,26,Electronics,1,30,30
526,13/07/2023,CUST053,Male,34,Electronics,2,50,100
527,14/07/2023,CUST043,Female,48,Clothing,1,300,300
528,14/07/2023,CUST071,Female,51,Beauty,4,25,100
529,14/07/2023,CUST093,Female,35,Beauty,4,500,2000
530,14/07/2023,CUST302,Male,57,Beauty,2,300,600
531,14/07/2023,CUST551,Male,45,Electronics,3,300,900
532,14/07/2023,CUST681,Female,43,Electronics,2,30,60
533,14/07/2023,CUST722,Male,20,Beauty,3,300,900
534,14/07/2023,CUST728,Male,51,Electronics,3,50,150
535,14/07/2023,CUST829,Male,61,Beauty,3,30,90
536,14/07/2023,CUST955,Male,58,Clothing,1,25,25
537,15/07/2023,CUST144,Female,59,Beauty,4,500,2000
538,15/07/2023,CUST474,Female,26,Clothing,3,500,1500
539,16/07/2023,CUST603,Female,40,Clothing,3,30,90
540,16/07/2023,CUST661,Female,44,Clothing,4,25,100
541,17/07/2023,CUST143,Female,45,Clothing,1,50,50
542,17/07/2023,CUST515,Female,49,Clothing,3,300,900
543,19/07/2023,CUST304,Female,37,Electronics,2,30,60
544,19/07/2023,CUST676,Male,63,Electronics,3,500,1500
545,19/07/2023,CUST686,Female,28,Electronics,4,50,200
546,19/07/2023,CUST698,Female,64,Electronics,1,300,300
547,21/07/2023,CUST709,Female,19,Electronics,2,500,1000
548,22/07/2023,CUST114,Female,22,Beauty,4,25,100
549,22/07/2023,CUST359,Male,50,Clothing,1,50,50
550,23/07/2023,CUST773,Male,25,Electronics,4,500,2000
551,24/07/2023,CUST127,Female,33,Clothing,2,25,50
552,24/07/2023,CUST213,Male,27,Beauty,3,500,1500
553,24/07/2023,CUST487,Male,44,Clothing,4,500,2000
554,24/07/2023,CUST495,Male,24,Beauty,2,30,60
555,24/07/2023,CUST605,Male,37,Electronics,2,500,1000
556,25/07/2023,CUST105,Female,22,Electronics,1,500,500
557,25/07/2023,CUST299,Male,61,Electronics,2,500,1000
558,25/07/2023,CUST934,Male,30,Beauty,1,500,500
559,26/07/2023,CUST270,Male,43,Electronics,1,300,300
560,26/07/2023,CUST338,Male,54,Beauty,2,50,100
561,26/07/2023,CUST543,Male,49,Beauty,2,300,600
562,27/07/2023,CUST557,Female,20,Beauty,3,30,90
563,27/07/2023,CUST702,Female,60,Clothing,2,300,600
564,27/07/2023,CUST864,Female,51,Electronics,1,500,500
565,28/07/2023,CUST254,Male,41,Electronics,1,500,500
566,28/07/2023,CUST295,Female,27,Beauty,3,300,900
567,28/07/2023,CUST457,Female,58,Beauty,5,300,1500
568,28/07/2023,CUST668,Female,62,Electronics,3,50,150
569,28/07/2023,CUST850,Female,26,Beauty,2,500,1000
570,29/07/2023,CUST541,Male,56,Beauty,1,500,500
571,29/07/2023,CUST980,Female,31,Electronics,3,25,75
572,30/07/2023,CUST262,Female,32,Beauty,4,30,120
573,30/07/2023,CUST467,Female,53,Electronics,3,50,150
574,31/07/2023,CUST463,Female,54,Beauty,3,500,1500
575,1/8/2023,CUST598,Male,37,Beauty,4,30,120
576,1/8/2023,CUST667,Female,29,Electronics,1,500,500
577,1/8/2023,CUST672,Female,34,Beauty,2,50,100
578,2/8/2023,CUST949,Female,41,Electronics,2,25,50
579,3/8/2023,CUST027,Female,38,Beauty,2,25,50
580,3/8/2023,CUST347,Male,42,Electronics,1,25,25
581,3/8/2023,CUST687,Female,53,Electronics,1,300,300
582,4/8/2023,CUST549,Female,50,Beauty,2,50,100
583,4/8/2023,CUST675,Female,45,Clothing,2,30,60
584,4/8/2023,CUST730,Female,36,Clothing,2,25,50
585,4/8/2023,CUST798,Male,61,Clothing,1,50,50
586,5/8/2023,CUST013,Male,22,Electronics,3,500,1500
587,5/8/2023,CUST035,Female,58,Beauty,5,300,1500
588,5/8/2023,CUST140,Male,38,Electronics,1,30,30
589,5/8/2023,CUST206,Male,61,Clothing,1,25,25
590,5/8/2023,CUST261,Male,21,Clothing,2,25,50
591,5/8/2023,CUST279,Male,50,Clothing,1,500,500
592,5/8/2023,CUST308,Female,34,Beauty,4,300,1200
593,5/8/2023,CUST418,Female,60,Electronics,2,500,1000
594,6/8/2023,CUST612,Female,61,Electronics,1,500,500
595,6/8/2023,CUST875,Female,51,Electronics,4,500,2000
596,7/8/2023,CUST430,Female,43,Electronics,3,300,900
597,7/8/2023,CUST633,Male,39,Beauty,4,30,120
598,8/8/2023,CUST125,Male,48,Clothing,2,50,100
599,8/8/2023,CUST716,Female,60,Clothing,4,300,1200
600,8/8/2023,CUST790,Male,62,Clothing,1,25,25
601,8/8/2023,CUST960,Male,59,Clothing,2,30,60
602,9/8/2023,CUST259,Female,45,Clothing,4,50,200
603,9/8/2023,CUST443,Male,29,Clothing,2,300,600
604,9/8/2023,CUST529,Female,35,Clothing,3,50,150
605,9/8/2023,CUST563,Male,20,Clothing,2,30,60
606,10/8/2023,CUST801,Male,21,Clothing,4,50,200
607,11/8/2023,CUST160,Female,43,Clothing,2,50,100
608,11/8/2023,CUST508,Male,58,Beauty,2,300,600
609,11/8/2023,CUST807,Female,50,Electronics,4,50,200
610,12/8/2023,CUST511,Male,45,Beauty,2,50,100
611,12/8/2023,CUST521,Female,47,Clothing,4,30,120
612,12/8/2023,CUST695,Female,22,Electronics,3,50,150
613,12/8/2023,CUST816,Male,47,Beauty,2,500,1000
614,13/08/2023,CUST217,Female,35,Electronics,4,50,200
615,13/08/2023,CUST384,Male,55,Clothing,1,500,500
616,14/08/2023,CUST648,Male,53,Beauty,4,300,1200
617,14/08/2023,CUST926,Male,22,Electronics,1,30,30
618,15/08/2023,CUST285,Female,31,Electronics,1,25,25
619,15/08/2023,CUST427,Male,25,Electronics,1,25,25
620,15/08/2023,CUST569,Male,52,Electronics,4,50,200
621,15/08/2023,CUST570,Male,49,Clothing,1,500,500
622,15/08/2023,CUST630,Male,42,Clothing,2,50,100
623,15/08/2023,CUST957,Female,60,Electronics,4,30,120
624,17/08/2023,CUST635,Female,63,Electronics,3,300,900
625,18/08/2023,CUST029,Female,42,Electronics,1,30,30
626,18/08/2023,CUST277,Male,36,Clothing,4,25,100
627,18/08/2023,CUST859,Female,56,Electronics,3,500,1500
628,19/08/2023,CUST638,Male,46,Electronics,1,500,500
629,19/08/2023,CUST823,Female,56,Electronics,2,50,100
630,19/08/2023,CUST956,Male,30,Clothing,3,500,1500
631,19/08/2023,CUST981,Female,30,Electronics,2,30,60
632,20/08/2023,CUST219,Female,53,Electronics,3,30,90
633,21/08/2023,CUST073,Male,29,Electronics,3,30,90
634,21/08/2023,CUST162,Male,39,Clothing,2,30,60
635,21/08/2023,CUST306,Male,54,Electronics,1,50,50
636,21/08/2023,CUST725,Male,61,Electronics,1,300,300
637,21/08/2023,CUST880,Male,22,Beauty,2,500,1000
638,21/08/2023,CUST992,Female,57,Electronics,2,30,60
639,22/08/2023,CUST597,Male,22,Beauty,4,300,1200
640,22/08/2023,CUST622,Female,49,Beauty,3,25,75
641,23/08/2023,CUST116,Female,23,Clothing,1,30,30
642,23/08/2023,CUST364,Female,19,Beauty,1,500,500
643,23/08/2023,CUST368,Female,56,Clothing,4,300,1200
644,24/08/2023,CUST050,Female,27,Beauty,3,25,75
645,24/08/2023,CUST479,Male,52,Electronics,4,300,1200
646,24/08/2023,CUST804,Male,42,Electronics,1,30,30
647,25/08/2023,CUST092,Female,51,Electronics,4,30,120
648,25/08/2023,CUST282,Female,64,Electronics,4,50,200
649,25/08/2023,CUST718,Female,59,Beauty,5,25,125
650,26/08/2023,CUST617,Male,34,Electronics,1,30,30
651,26/08/2023,CUST624,Female,34,Beauty,3,300,900
652,26/08/2023,CUST825,Female,46,Beauty,1,25,25
653,27/08/2023,CUST568,Female,51,Electronics,1,300,300
654,27/08/2023,CUST671,Male,62,Electronics,3,50,150
655,27/08/2023,CUST756,Female,62,Electronics,4,300,1200
656,27/08/2023,CUST815,Female,51,Clothing,3,25,75
657,28/08/2023,CUST146,Male,38,Clothing,4,50,200
658,28/08/2023,CUST263,Male,23,Beauty,2,30,60
659,28/08/2023,CUST704,Female,62,Clothing,3,30,90
660,29/08/2023,CUST476,Female,27,Clothing,4,500,2000
661,29/08/2023,CUST733,Male,34,Beauty,1,30,30
662,29/08/2023,CUST924,Male,55,Beauty,2,50,100
663,29/08/2023,CUST984,Male,56,Clothing,1,500,500
664,31/08/2023,CUST251,Female,57,Beauty,4,50,200
665,31/08/2023,CUST253,Female,53,Clothing,4,500,2000
666,31/08/2023,CUST574,Female,63,Electronics,2,25,50
667,31/08/2023,CUST751,Female,42,Clothing,2,25,50
668,31/08/2023,CUST871,Male,62,Beauty,2,30,60
669,1/9/2023,CUST200,Male,27,Beauty,3,50,150
670,1/9/2023,CUST594,Female,19,Electronics,2,300,600
671,1/9/2023,CUST637,Male,43,Clothing,2,300,600
672,1/9/2023,CUST855,Male,54,Beauty,1,25,25
673,2/9/2023,CUST325,Female,52,Electronics,2,25,50
674,2/9/2023,CUST682,Male,46,Beauty,4,300,1200
675,2/9/2023,CUST931,Male,30,Beauty,4,30,120
676,3/9/2023,CUST925,Male,25,Electronics,1,300,300
677,4/9/2023,CUST297,Female,40,Electronics,2,500,1000
678,5/9/2023,CUST814,Female,59,Clothing,1,500,500
679,5/9/2023,CUST894,Male,52,Electronics,1,30,30
680,6/9/2023,CUST194,Male,55,Clothing,4,50,200
681,6/9/2023,CUST245,Male,47,Clothing,3,30,90
682,6/9/2023,CUST296,Female,22,Clothing,4,300,1200
683,6/9/2023,CUST644,Male,23,Beauty,3,25,75
684,6/9/2023,CUST696,Female,50,Clothing,4,50,200
685,7/9/2023,CUST312,Male,41,Clothing,4,30,120
686,7/9/2023,CUST692,Female,64,Clothing,2,50,100
687,7/9/2023,CUST835,Male,37,Clothing,4,50,200
688,8/9/2023,CUST183,Female,43,Beauty,3,300,900
689,8/9/2023,CUST413,Female,44,Beauty,3,25,75
690,8/9/2023,CUST799,Male,56,Electronics,2,50,100
691,8/9/2023,CUST851,Male,32,Electronics,2,25,50
692,9/9/2023,CUST858,Male,23,Electronics,2,50,100
693,9/9/2023,CUST919,Female,22,Beauty,2,25,50
694,9/9/2023,CUST935,Female,34,Beauty,1,50,50
695,10/9/2023,CUST132,Male,42,Electronics,4,50,200
696,11/9/2023,CUST604,Female,29,Electronics,4,50,200
697,11/9/2023,CUST832,Male,47,Beauty,4,500,2000
698,13/09/2023,CUST113,Female,41,Electronics,2,25,50
699,14/09/2023,CUST165,Female,60,Clothing,4,300,1200
700,15/09/2023,CUST326,Female,18,Clothing,3,25,75
701,16/09/2023,CUST019,Female,62,Clothing,2,25,50
702,16/09/2023,CUST412,Female,19,Electronics,4,500,2000
703,16/09/2023,CUST632,Female,26,Electronics,4,25,100
704,17/09/2023,CUST167,Female,43,Clothing,3,50,150
705,17/09/2023,CUST172,Male,32,Beauty,2,25,50
706,17/09/2023,CUST375,Male,32,Clothing,1,50,50
707,17/09/2023,CUST538,Male,18,Clothing,3,50,150
708,17/09/2023,CUST794,Female,60,Beauty,5,300,1500
709,18/09/2023,CUST131,Female,21,Beauty,2,300,600
710,18/09/2023,CUST330,Female,25,Beauty,4,50,200
711,18/09/2023,CUST494,Female,42,Beauty,4,50,200
712,19/09/2023,CUST513,Male,24,Electronics,4,25,100
713,19/09/2023,CUST573,Male,49,Beauty,2,30,60
714,21/09/2023,CUST241,Female,23,Electronics,3,25,75
715,21/09/2023,CUST579,Female,38,Electronics,1,30,30
716,22/09/2023,CUST218,Male,64,Beauty,3,30,90
717,22/09/2023,CUST846,Male,42,Beauty,1,50,50
718,23/09/2023,CUST616,Male,41,Clothing,2,50,100
719,24/09/2023,CUST523,Female,62,Electronics,1,300,300
720,24/09/2023,CUST643,Female,28,Electronics,3,30,90
721,25/09/2023,CUST351,Female,56,Clothing,3,30,90
722,25/09/2023,CUST809,Female,42,Beauty,5,50,250
723,25/09/2023,CUST954,Female,50,Electronics,3,300,900
724,26/09/2023,CUST897,Female,64,Electronics,2,50,100
725,28/09/2023,CUST147,Male,23,Electronics,1,300,300
726,28/09/2023,CUST204,Male,39,Beauty,1,25,25
727,28/09/2023,CUST390,Male,39,Electronics,2,50,100
728,29/09/2023,CUST179,Male,31,Electronics,1,300,300
729,29/09/2023,CUST327,Male,57,Electronics,3,50,150
730,29/09/2023,CUST626,Female,26,Clothing,4,500,2000
731,29/09/2023,CUST873,Female,27,Electronics,4,25,100
732,30/09/2023,CUST196,Female,32,Clothing,3,300,900
733,30/09/2023,CUST789,Female,61,Clothing,4,500,2000
734,1/10/2023,CUST089,Female,55,Electronics,4,500,2000
735,1/10/2023,CUST707,Female,26,Clothing,1,500,500
736,1/10/2023,CUST909,Male,26,Electronics,1,300,300
737,2/10/2023,CUST051,Male,27,Beauty,3,25,75
738,2/10/2023,CUST154,Male,51,Electronics,3,300,900
739,2/10/2023,CUST276,Female,21,Beauty,4,25,100
740,2/10/2023,CUST497,Male,41,Clothing,4,30,120
741,2/10/2023,CUST889,Female,35,Electronics,1,50,50
742,3/10/2023,CUST122,Male,64,Electronics,4,30,120
743,3/10/2023,CUST373,Female,25,Beauty,2,300,600
744,3/10/2023,CUST524,Male,46,Beauty,4,300,1200
745,3/10/2023,CUST688,Male,56,Clothing,4,25,100
746,3/10/2023,CUST813,Male,52,Electronics,3,50,150
747,4/10/2023,CUST178,Male,40,Clothing,2,30,60
748,4/10/2023,CUST208,Female,34,Electronics,4,50,200
749,4/10/2023,CUST247,Male,41,Electronics,2,30,60
750,4/10/2023,CUST290,Female,30,Beauty,2,300,600
751,4/10/2023,CUST656,Male,29,Beauty,3,30,90
752,4/10/2023,CUST735,Female,64,Clothing,4,500,2000
753,5/10/2023,CUST319,Male,31,Clothing,1,500,500
754,5/10/2023,CUST670,Male,27,Beauty,1,30,30
755,6/10/2023,CUST385,Male,50,Electronics,3,500,1500
756,7/10/2023,CUST010,Female,52,Clothing,4,50,200
757,7/10/2023,CUST026,Female,28,Electronics,2,500,1000
758,7/10/2023,CUST437,Female,35,Electronics,4,300,1200
759,7/10/2023,CUST689,Male,57,Electronics,2,50,100
760,8/10/2023,CUST558,Female,41,Clothing,1,25,25
761,8/10/2023,CUST634,Male,60,Electronics,4,500,2000
762,9/10/2023,CUST201,Male,56,Electronics,1,25,25
763,9/10/2023,CUST286,Male,55,Electronics,2,25,50
764,9/10/2023,CUST876,Male,43,Clothing,4,30,120
765,10/10/2023,CUST055,Male,31,Beauty,4,30,120
766,10/10/2023,CUST428,Female,40,Electronics,4,50,200
767,10/10/2023,CUST441,Male,57,Beauty,4,300,1200
768,10/10/2023,CUST976,Female,48,Beauty,2,300,600
769,11/10/2023,CUST149,Male,22,Clothing,3,25,75
770,11/10/2023,CUST227,Male,36,Electronics,2,50,100
771,11/10/2023,CUST393,Female,22,Beauty,2,500,1000
772,11/10/2023,CUST401,Female,62,Clothing,1,300,300
773,11/10/2023,CUST546,Female,36,Electronics,4,50,200
774,11/10/2023,CUST872,Female,63,Beauty,6,25,150
775,11/10/2023,CUST914,Female,59,Electronics,1,500,500
776,12/10/2023,CUST310,Female,28,Beauty,1,25,25
777,12/10/2023,CUST844,Male,35,Clothing,3,50,150
778,12/10/2023,CUST852,Female,41,Clothing,1,300,300
779,13/10/2023,CUST097,Female,51,Beauty,2,500,1000
780,13/10/2023,CUST619,Male,47,Electronics,4,25,100
781,13/10/2023,CUST948,Female,23,Electronics,3,25,75
782,14/10/2023,CUST456,Male,57,Electronics,2,30,60
783,14/10/2023,CUST627,Male,57,Clothing,1,50,50
784,15/10/2023,CUST022,Male,18,Clothing,2,50,100
785,15/10/2023,CUST121,Female,28,Electronics,4,50,200
786,15/10/2023,CUST431,Male,63,Electronics,4,300,1200
787,16/10/2023,CUST370,Male,23,Electronics,2,30,60
788,16/10/2023,CUST711,Male,26,Electronics,3,500,1500
789,16/10/2023,CUST754,Female,43,Electronics,4,25,100
790,16/10/2023,CUST943,Female,57,Clothing,4,300,1200
791,17/10/2023,CUST350,Male,25,Beauty,3,25,75
792,17/10/2023,CUST786,Male,48,Clothing,4,25,100
793,18/10/2023,CUST109,Female,34,Electronics,4,500,2000
794,18/10/2023,CUST191,Male,64,Beauty,1,25,25
795,19/10/2023,CUST340,Female,36,Clothing,4,300,1200
796,19/10/2023,CUST555,Male,25,Beauty,1,300,300
797,19/10/2023,CUST826,Female,46,Clothing,1,300,300
798,19/10/2023,CUST962,Male,44,Clothing,2,30,60
799,20/10/2023,CUST249,Male,20,Clothing,1,50,50
800,21/10/2023,CUST922,Male,41,Electronics,1,50,50
801,22/10/2023,CUST600,Female,42,Beauty,6,500,3000
802,22/10/2023,CUST680,Female,53,Clothing,3,300,900
803,22/10/2023,CUST770,Male,32,Clothing,1,50,50
804,23/10/2023,CUST060,Male,30,Beauty,3,50,150
805,23/10/2023,CUST250,Male,48,Electronics,1,50,50
806,23/10/2023,CUST516,Male,30,Beauty,4,25,100
807,23/10/2023,CUST937,Female,42,Beauty,6,500,3000
808,24/10/2023,CUST318,Male,61,Clothing,1,25,25
809,24/10/2023,CUST342,Female,43,Clothing,4,500,2000
810,24/10/2023,CUST564,Male,50,Electronics,2,50,100
811,24/10/2023,CUST767,Male,39,Beauty,3,25,75
812,25/10/2023,CUST503,Male,45,Beauty,4,500,2000
813,25/10/2023,CUST869,Male,37,Beauty,3,500,1500
814,26/10/2023,CUST126,Female,28,Clothing,3,30,90
815,26/10/2023,CUST349,Female,57,Beauty,5,50,250
816,26/10/2023,CUST440,Male,64,Clothing,2,300,600
817,27/10/2023,CUST124,Male,33,Clothing,4,500,2000
818,27/10/2023,CUST324,Female,52,Electronics,3,50,150
819,27/10/2023,CUST677,Female,19,Beauty,3,500,1500
820,29/10/2023,CUST030,Female,39,Beauty,3,300,900
821,29/10/2023,CUST226,Female,61,Clothing,1,50,50
822,29/10/2023,CUST229,Male,58,Beauty,3,30,90
823,29/10/2023,CUST896,Female,30,Electronics,2,25,50
824,29/10/2023,CUST959,Female,42,Electronics,2,30,60
825,29/10/2023,CUST998,Female,23,Beauty,4,25,100
826,30/10/2023,CUST012,Male,35,Beauty,3,25,75
827,31/10/2023,CUST710,Female,26,Electronics,3,500,1500
828,31/10/2023,CUST776,Male,35,Clothing,3,30,90
829,31/10/2023,CUST817,Male,30,Beauty,4,50,200
830,1/11/2023,CUST334,Male,31,Electronics,3,300,900
831,1/11/2023,CUST343,Male,21,Electronics,2,25,50
832,1/11/2023,CUST628,Female,19,Beauty,4,50,200
833,1/11/2023,CUST983,Female,29,Clothing,1,300,300
834,2/11/2023,CUST141,Female,22,Electronics,1,50,50
835,2/11/2023,CUST145,Female,39,Clothing,3,25,75
836,2/11/2023,CUST507,Female,37,Electronics,3,500,1500
837,2/11/2023,CUST841,Male,31,Electronics,4,25,100
838,2/11/2023,CUST898,Female,42,Clothing,3,30,90
839,2/11/2023,CUST951,Male,33,Beauty,2,50,100
840,3/11/2023,CUST181,Male,19,Electronics,4,300,1200
841,4/11/2023,CUST784,Female,34,Electronics,1,500,500
842,5/11/2023,CUST020,Male,22,Clothing,3,300,900
843,5/11/2023,CUST690,Female,52,Clothing,3,300,900
844,6/11/2023,CUST047,Female,40,Beauty,3,500,1500
845,6/11/2023,CUST405,Female,25,Clothing,4,300,1200
846,7/11/2023,CUST205,Female,43,Clothing,1,25,25
847,7/11/2023,CUST512,Female,42,Beauty,6,25,150
848,7/11/2023,CUST565,Female,45,Beauty,2,30,60
849,7/11/2023,CUST761,Female,33,Clothing,1,500,500
850,7/11/2023,CUST762,Female,24,Electronics,2,25,50
851,7/11/2023,CUST950,Male,36,Clothing,3,300,900
852,8/11/2023,CUST086,Male,19,Beauty,3,30,90
853,8/11/2023,CUST173,Male,64,Electronics,4,30,120
854,9/11/2023,CUST595,Female,18,Clothing,4,500,2000
855,9/11/2023,CUST827,Male,61,Beauty,3,300,900
856,9/11/2023,CUST965,Male,22,Clothing,4,50,200
857,10/11/2023,CUST388,Male,50,Electronics,1,25,25
858,10/11/2023,CUST631,Male,56,Electronics,3,30,90
859,12/11/2023,CUST554,Female,46,Beauty,3,50,150
860,12/11/2023,CUST812,Male,19,Electronics,3,25,75
861,13/11/2023,CUST058,Male,18,Clothing,4,300,1200
862,13/11/2023,CUST952,Female,57,Clothing,1,25,25
863,14/11/2023,CUST345,Male,62,Electronics,1,30,30
864,14/11/2023,CUST458,Female,39,Electronics,4,25,100
865,14/11/2023,CUST582,Male,35,Clothing,3,300,900
866,14/11/2023,CUST963,Female,55,Beauty,1,50,50
867,15/11/2023,CUST369,Male,23,Electronics,3,500,1500
868,15/11/2023,CUST706,Male,51,Electronics,4,25,100
869,15/11/2023,CUST747,Male,23,Beauty,1,30,30
870,16/11/2023,CUST533,Male,19,Electronics,3,500,1500
871,17/11/2023,CUST169,Male,18,Beauty,3,500,1500
872,17/11/2023,CUST645,Female,35,Electronics,4,30,120
873,17/11/2023,CUST968,Female,48,Clothing,3,300,900
874,17/11/2023,CUST997,Male,52,Beauty,3,30,90
875,18/11/2023,CUST057,Female,63,Beauty,6,30,180
876,18/11/2023,CUST137,Male,46,Beauty,2,500,1000
877,18/11/2023,CUST778,Female,47,Beauty,4,25,100
878,19/11/2023,CUST599,Female,28,Beauty,2,50,100
879,19/11/2023,CUST938,Male,49,Clothing,4,50,200
880,20/11/2023,CUST234,Female,62,Electronics,2,25,50
881,21/11/2023,CUST410,Female,29,Clothing,2,50,100
882,21/11/2023,CUST417,Male,43,Electronics,3,300,900
883,21/11/2023,CUST581,Female,48,Beauty,2,30,60
884,22/11/2023,CUST074,Female,18,Beauty,4,500,2000
885,22/11/2023,CUST087,Female,28,Beauty,2,50,100
886,22/11/2023,CUST803,Male,39,Clothing,4,25,100
887,23/11/2023,CUST424,Male,57,Beauty,4,300,1200
888,23/11/2023,CUST641,Female,40,Electronics,1,300,300
889,23/11/2023,CUST918,Female,42,Electronics,3,30,90
890,24/11/2023,CUST001,Male,34,Beauty,3,50,150
891,24/11/2023,CUST095,Female,32,Clothing,2,30,60
892,24/11/2023,CUST171,Female,52,Clothing,3,300,900
893,25/11/2023,CUST156,Female,43,Clothing,4,25,100
894,25/11/2023,CUST493,Male,41,Beauty,2,25,50
895,26/11/2023,CUST115,Male,51,Clothing,3,500,1500
896,26/11/2023,CUST715,Female,42,Beauty,4,25,100
897,27/11/2023,CUST267,Female,32,Beauty,3,30,90
898,27/11/2023,CUST362,Male,50,Clothing,1,25,25
899,27/11/2023,CUST856,Male,54,Electronics,4,30,120
900,28/11/2023,CUST084,Female,38,Electronics,3,30,90
901,28/11/2023,CUST795,Male,57,Electronics,1,300,300
902,29/11/2023,CUST024,Female,49,Clothing,1,300,300
903,29/11/2023,CUST215,Male,58,Clothing,3,500,1500
904,29/11/2023,CUST739,Male,36,Beauty,1,25,25
905,30/11/2023,CUST289,Male,53,Electronics,2,30,60
906,30/11/2023,CUST741,Male,48,Clothing,1,300,300
907,30/11/2023,CUST810,Male,59,Electronics,4,25,100
908,1/12/2023,CUST266,Female,19,Electronics,2,30,60
909,1/12/2023,CUST389,Male,21,Clothing,2,25,50
910,2/12/2023,CUST112,Male,37,Clothing,3,500,1500
911,2/12/2023,CUST566,Female,64,Clothing,1,30,30
912,2/12/2023,CUST608,Female,55,Electronics,3,500,1500
913,3/12/2023,CUST348,Female,35,Electronics,2,300,600
914,4/12/2023,CUST199,Male,45,Beauty,3,500,1500
915,4/12/2023,CUST258,Female,37,Clothing,1,50,50
916,4/12/2023,CUST485,Male,24,Electronics,1,30,30
917,4/12/2023,CUST576,Female,33,Beauty,3,50,150
918,5/12/2023,CUST065,Male,51,Electronics,4,500,2000
919,5/12/2023,CUST311,Female,32,Beauty,4,25,100
920,5/12/2023,CUST791,Female,51,Beauty,1,25,25
921,5/12/2023,CUST971,Female,27,Electronics,4,50,200
922,5/12/2023,CUST999,Female,36,Electronics,3,50,150
923,6/12/2023,CUST395,Male,50,Electronics,2,500,1000
924,6/12/2023,CUST535,Male,47,Beauty,3,30,90
925,6/12/2023,CUST580,Female,31,Clothing,3,500,1500
926,6/12/2023,CUST712,Female,42,Beauty,4,25,100
927,6/12/2023,CUST868,Female,25,Electronics,1,300,300
928,7/12/2023,CUST531,Male,31,Electronics,1,500,500
929,7/12/2023,CUST550,Male,40,Clothing,3,300,900
930,8/12/2023,CUST392,Male,27,Clothing,2,300,600
931,8/12/2023,CUST453,Female,26,Clothing,2,500,1000
932,8/12/2023,CUST540,Female,46,Electronics,3,300,900
933,8/12/2023,CUST625,Male,31,Clothing,1,300,300
934,9/12/2023,CUST244,Male,28,Beauty,2,50,100
935,9/12/2023,CUST355,Female,55,Electronics,1,500,500
936,9/12/2023,CUST468,Male,40,Electronics,1,25,25
937,9/12/2023,CUST700,Male,36,Electronics,4,500,2000
938,9/12/2023,CUST752,Male,29,Clothing,2,50,100
939,9/12/2023,CUST828,Female,33,Electronics,4,300,1200
940,10/12/2023,CUST080,Female,64,Clothing,2,30,60
941,10/12/2023,CUST214,Male,20,Beauty,2,30,60
942,10/12/2023,CUST361,Female,34,Electronics,4,300,1200
943,10/12/2023,CUST526,Male,33,Clothing,2,50,100
944,11/12/2023,CUST265,Male,55,Clothing,3,300,900
945,11/12/2023,CUST586,Male,50,Electronics,1,50,50
946,12/12/2023,CUST336,Female,52,Beauty,3,50,150
947,12/12/2023,CUST571,Female,41,Electronics,1,50,50
948,13/12/2023,CUST009,Male,63,Electronics,2,300,600
949,13/12/2023,CUST552,Female,49,Electronics,3,25,75
950,13/12/2023,CUST771,Male,24,Electronics,2,25,50
951,14/12/2023,CUST496,Male,23,Clothing,2,300,600
952,14/12/2023,CUST701,Female,52,Beauty,2,30,60
953,15/12/2023,CUST139,Male,36,Beauty,4,500,2000
954,15/12/2023,CUST151,Male,29,Clothing,1,50,50
955,16/12/2023,CUST083,Male,54,Electronics,2,50,100
956,16/12/2023,CUST153,Male,63,Electronics,2,500,1000
957,16/12/2023,CUST451,Female,45,Electronics,1,30,30
958,17/12/2023,CUST099,Female,50,Electronics,4,300,1200
959,17/12/2023,CUST783,Female,56,Clothing,1,300,300
960,18/12/2023,CUST409,Female,21,Electronics,3,300,900
961,18/12/2023,CUST525,Female,47,Beauty,2,25,50
962,18/12/2023,CUST939,Female,46,Electronics,1,300,300
963,18/12/2023,CUST994,Female,51,Beauty,2,500,1000
964,19/12/2023,CUST096,Female,44,Clothing,2,300,600
965,19/12/2023,CUST609,Female,47,Clothing,2,50,100
966,19/12/2023,CUST982,Female,46,Beauty,3,30,90
967,20/12/2023,CUST209,Female,30,Electronics,4,50,200
968,20/12/2023,CUST435,Female,30,Beauty,3,300,900
969,20/12/2023,CUST777,Male,48,Electronics,3,50,150
970,20/12/2023,CUST854,Male,29,Clothing,1,50,50
971,20/12/2023,CUST890,Male,34,Electronics,2,25,50
972,21/12/2023,CUST865,Female,42,Clothing,1,300,300
973,22/12/2023,CUST662,Male,48,Beauty,2,500,1000
974,23/12/2023,CUST309,Female,26,Beauty,1,25,25
975,23/12/2023,CUST544,Female,27,Electronics,1,25,25
976,23/12/2023,CUST602,Female,20,Electronics,1,300,300
977,23/12/2023,CUST615,Female,61,Clothing,4,25,100
978,23/12/2023,CUST678,Female,60,Electronics,3,300,900
979,23/12/2023,CUST781,Male,35,Beauty,1,500,500
980,24/12/2023,CUST034,Female,51,Clothing,3,50,150
981,24/12/2023,CUST916,Female,32,Electronics,1,50,50
982,25/12/2023,CUST757,Female,43,Electronics,4,300,1200
983,26/12/2023,CUST025,Female,64,Beauty,4,50,200
984,26/12/2023,CUST082,Female,32,Beauty,4,50,200
985,26/12/2023,CUST472,Female,38,Beauty,3,300,900
986,26/12/2023,CUST842,Female,47,Clothing,2,300,600
987,26/12/2023,CUST879,Male,23,Clothing,1,30,30
988,26/12/2023,CUST991,Female,34,Clothing,2,50,100
989,27/12/2023,CUST062,Male,18,Beauty,2,50,100
990,27/12/2023,CUST386,Female,54,Electronics,2,300,600
991,28/12/2023,CUST429,Male,64,Electronics,2,25,50
992,28/12/2023,CUST664,Female,44,Clothing,4,500,2000
993,28/12/2023,CUST989,Female,44,Electronics,1,25,25
994,29/12/2023,CUST233,Female,51,Beauty,2,300,600
995,29/12/2023,CUST520,Female,49,Electronics,4,25,100
996,29/12/2023,CUST805,Female,30,Beauty,3,500,1500
997,29/12/2023,CUST908,Male,46,Beauty,4,300,1200
998,31/12/2023,CUST857,Male,60,Electronics,2,25,50
999,1/1/2024,CUST211,Male,42,Beauty,3,500,1500
1000,1/1/2024,CUST650,Male,55,Electronics,1,30,30
1001,20/01/2024,CUST475,Male,26,Clothing,3,25,75
1002,20/01/2024,CUST505,Male,24,Beauty,1,50,50
1003,21/01/2024,CUST344,Female,42,Beauty,1,30,30
1004,21/01/2024,CUST448,Female,54,Beauty,2,30,60
1005,21/01/2024,CUST742,Female,38,Electronics,4,500,2000
1006,22/01/2024,CUST445,Female,53,Clothing,1,300,300
1007,22/01/2024,CUST787,Male,41,Clothing,1,25,25
1008,23/01/2024,CUST049,Female,54,Clothing,2,500,1000
1009,23/01/2024,CUST420,Female,22,Clothing,4,500,2000
1010,23/01/2024,CUST519,Female,36,Clothing,4,30,120
1011,24/01/2024,CUST064,Male,49,Clothing,4,25,100
1012,24/01/2024,CUST592,Female,46,Electronics,4,500,2000
1013,24/01/2024,CUST912,Male,51,Electronics,3,50,150
1014,25/01/2024,CUST134,Male,49,Beauty,1,50,50
1015,26/01/2024,CUST288,Male,28,Clothing,4,30,120
1016,26/01/2024,CUST323,Female,29,Beauty,3,300,900
1017,27/03/2024,CUST294,Female,23,Beauty,3,30,90
1018,27/03/2024,CUST760,Male,27,Beauty,1,500,500
1019,28/03/2024,CUST575,Male,60,Electronics,2,50,100
1020,29/03/2024,CUST088,Male,56,Electronics,1,500,500
1021,30/03/2024,CUST975,Female,56,Clothing,4,50,200
1022,31/03/2024,CUST553,Male,24,Electronics,4,300,1200
1023,1/4/2024,CUST462,Male,63,Electronics,4,300,1200
1024,1/4/2024,CUST614,Female,39,Clothing,4,300,1200
1025,1/4/2024,CUST808,Male,33,Clothing,4,500,2000
1026,2/4/2024,CUST166,Male,34,Clothing,4,500,2000
1027,25/07/2024,CUST105,Female,22,Electronics,1,500,500
1028,25/07/2024,CUST934,Male,30,Beauty,1,500,500
1029,25/07/2024,CUST299,Male,61,Electronics,2,500,1000
1030,31/08/2024,CUST751,Female,42,Clothing,2,25,50
1031,31/08/2024,CUST871,Male,62,Beauty,2,30,60
1032,1/9/2024,CUST200,Male,27,Beauty,3,50,150
1033,1/9/2024,CUST594,Female,19,Electronics,2,300,600
1034,1/9/2024,CUST637,Male,43,Clothing,2,300,600
1035,9/10/2024,CUST876,Male,43,Clothing,4,30,120
1036,10/10/2024,CUST055,Male,31,Beauty,4,30,120
1037,10/10/2024,CUST428,Female,40,Electronics,4,50,200
1038,10/10/2024,CUST441,Male,57,Beauty,4,300,1200
1039,10/10/2024,CUST976,Female,48,Beauty,2,300,600
1040,11/10/2024,CUST149,Male,22,Clothing,3,25,75
1041,22/10/2024,CUST600,Female,42,Beauty,6,500,3000
1042,22/10/2024,CUST680,Female,53,Clothing,3,300,900
1043,22/10/2024,CUST770,Male,32,Clothing,1,50,50
1044,23/10/2024,CUST060,Male,30,Beauty,3,50,150
1045,23/10/2024,CUST250,Male,48,Electronics,1,50,50
1046,23/10/2024,CUST516,Male,30,Beauty,4,25,100
1047,23/10/2024,CUST937,Female,42,Beauty,6,500,3000
1048,24/10/2024,CUST318,Male,61,Clothing,1,25,25
1049,24/10/2024,CUST342,Female,43,Clothing,4,500,2000
1050,24/10/2024,CUST564,Male,50,Electronics,2,50,100
1051,24/10/2024,CUST767,Male,39,Beauty,3,25,75
1052,25/10/2024,CUST503,Male,45,Beauty,4,500,2000
1053,25/10/2024,CUST869,Male,37,Beauty,3,500,1500
1054,26/10/2024,CUST126,Female,28,Clothing,3,30,90
1055,26/10/2024,CUST349,Female,57,Beauty,5,50,250
1056,26/10/2024,CUST440,Male,64,Clothing,2,300,600
1057,7/12/2024,CUST550,Male,40,Clothing,3,300,900
1058,8/12/2024,CUST392,Male,27,Clothing,2,300,600
1059,8/12/2024,CUST453,Female,26,Clothing,2,500,1000
1060,8/12/2024,CUST540,Female,46,Electronics,3,300,900
1061,8/12/2024,CUST625,Male,31,Clothing,1,300,300
1062,9/12/2024,CUST244,Male,28,Beauty,2,50,100
1063,9/12/2024,CUST355,Female,55,Electronics,1,500,500
1064,9/12/2024,CUST468,Male,40,Electronics,1,25,25
1065,9/12/2024,CUST700,Male,36,Electronics,4,500,2000
1066,9/12/2024,CUST752,Male,29,Clothing,2,50,100
1067,9/12/2024,CUST828,Female,33,Electronics,4,300,1200
1068,10/12/2024,CUST080,Female,64,Clothing,2,30,60
1069,10/12/2024,CUST214,Male,20,Beauty,2,30,60
1070,10/12/2024,CUST361,Female,34,Electronics,4,300,1200
1071,10/12/2024,CUST526,Male,33,Clothing,2,50,100
1072,11/12/2024,CUST265,Male,55,Clothing,3,300,900
1073,11/12/2024,CUST586,Male,50,Electronics,1,50,50
1074,12/12/2024,CUST336,Female,52,Beauty,3,50,150
